"Semana","Temporada","Clave_producto","Precio_semanal"
"35","2015-2016",270201,94.9972522024681
"36","2015-2016",130201,85
"36","2015-2016",210401,268.285977647194
"36","2015-2016",270201,94.932443702324
"37","2015-2016",130201,65.3571428571429
"37","2015-2016",210401,247.923091146324
"37","2015-2016",240201,90
"37","2015-2016",270201,84.3976757365061
"37","2017-2018",210404,900
"38","2015-2016",10201,154.69304382253
"38","2015-2016",130201,64.3597520994959
"38","2015-2016",210401,246.228381601519
"38","2015-2016",230202,160
"38","2017-2018",10204,300
"38","2017-2018",210404,900
"39","2013-2014",10201,125.909806588943
"39","2013-2014",30201,116.89552238806
"39","2014-2015",10201,119.444444444444
"39","2014-2015",111401,170
"39","2015-2016",10201,141.687475414085
"39","2015-2016",61301,124.915254237288
"39","2015-2016",111401,240
"39","2015-2016",130201,62.4920452051788
"39","2015-2016",210401,244.465525444125
"39","2015-2016",330202,160
"39","2016-2017",10201,119.645734696156
"39","2016-2017",230202,200
"39","2017-2018",10201,150
"39","2017-2018",10204,320
"39","2017-2018",210404,996.938775510204
"39","2017-2018",230202,200
"40","2013-2014",10201,120.931236376254
"40","2013-2014",30201,112.936514536797
"40","2014-2015",10201,118.011298226922
"40","2014-2015",80201,84
"40","2014-2015",111401,165.185897435897
"40","2015-2016",10201,139.915677777133
"40","2015-2016",61301,126.332292251544
"40","2015-2016",130201,60.1333333333333
"40","2015-2016",140201,80
"40","2015-2016",210401,256.674642511744
"40","2015-2016",330202,160
"40","2016-2017",10201,102.394986208929
"40","2016-2017",210401,303.333333333333
"40","2016-2017",210402,528.030303030303
"40","2016-2017",230202,200
"40","2016-2017",390204,650
"40","2017-2018",10201,143.629270069799
"40","2017-2018",10204,312
"40","2017-2018",210404,993.821867251657
"40","2017-2018",230202,200
"41","2013-2014",10201,108.781127948779
"41","2013-2014",30201,108.578640744088
"41","2014-2015",10201,119.517244394706
"41","2014-2015",80201,97.9232625628902
"41","2014-2015",111401,174.403409090909
"41","2014-2015",130201,62.520292098341
"41","2014-2015",140201,90
"41","2014-2015",140203,130
"41","2014-2015",150201,66.9229937270171
"41","2014-2015",160202,218
"41","2014-2015",170201,63.0769230769231
"41","2015-2016",10201,132.350661721255
"41","2015-2016",61301,124.690187069461
"41","2015-2016",101001,130
"41","2015-2016",130201,62.147114820785
"41","2015-2016",140201,87.8520408163265
"41","2015-2016",210401,293.361437711477
"41","2015-2016",210404,1250
"41","2015-2016",221201,115
"41","2015-2016",230202,210
"41","2015-2016",330202,165.945305770887
"41","2015-2016",341001,123.34466579188
"41","2016-2017",10201,81.7448944633671
"41","2016-2017",61301,103.754699291327
"41","2016-2017",210401,275
"41","2016-2017",210402,494.685990338164
"41","2016-2017",230202,196.788990825688
"41","2016-2017",341001,105
"41","2016-2017",390204,525
"41","2017-2018",10201,125.686704693044
"41","2017-2018",10204,386.70177970178
"41","2017-2018",61301,120
"41","2017-2018",130204,90
"41","2017-2018",210401,350
"41","2017-2018",210404,991.666666666667
"41","2017-2018",221201,120
"41","2017-2018",230202,179.311258278146
"41","2017-2018",442004,734.308562968158
"42","2013-2014",10201,100
"42","2013-2014",30201,107.101098330151
"42","2014-2015",0,NA
"42","2014-2015",10201,98.2863865342054
"42","2014-2015",10204,180
"42","2014-2015",80201,92.4
"42","2014-2015",111401,160
"42","2014-2015",130201,49.1111111111111
"42","2014-2015",140201,88.4578237167879
"42","2014-2015",140203,110
"42","2014-2015",150201,90
"42","2014-2015",160202,200
"42","2014-2015",170201,56.1756925710453
"42","2015-2016",10201,124.755537759574
"42","2015-2016",61301,114.586887651216
"42","2015-2016",101001,120.855829155472
"42","2015-2016",130201,60.8571428571429
"42","2015-2016",210401,270.95652173913
"42","2015-2016",210402,300
"42","2015-2016",210404,1250
"42","2015-2016",221201,110
"42","2015-2016",230202,160
"42","2015-2016",330202,189.569533475783
"42","2015-2016",341001,122.552113214764
"42","2015-2016",351001,115.496613995485
"42","2016-2017",10201,81.1990359043404
"42","2016-2017",61301,105.029615004936
"42","2016-2017",101001,104.158249158249
"42","2016-2017",120301,110
"42","2016-2017",210401,301.817126580611
"42","2016-2017",210402,506.593728851793
"42","2016-2017",221201,105
"42","2016-2017",230202,195.016129032258
"42","2016-2017",341001,105
"42","2016-2017",390204,440
"42","2017-2018",10201,96.9824760589987
"42","2017-2018",10204,310.990990990991
"42","2017-2018",61301,120
"42","2017-2018",210404,911.100122500083
"42","2017-2018",221201,120
"42","2017-2018",230202,150.823416065498
"42","2017-2018",442004,729.646990740741
"43","2013-2014",10201,97.5
"43","2013-2014",30201,109.574438439802
"43","2014-2015",10201,76.3838430699811
"43","2014-2015",61301,76.3860288065844
"43","2014-2015",101001,79.3794794520548
"43","2014-2015",120301,113.333333333333
"43","2014-2015",130201,41.25
"43","2014-2015",140201,62.5
"43","2014-2015",160202,190
"43","2014-2015",170201,41.6666666666667
"43","2014-2015",190301,111.368932038835
"43","2014-2015",200202,100
"43","2014-2015",210401,263.014492753623
"43","2015-2016",10201,145.094185310258
"43","2015-2016",130201,61.3418086640671
"43","2015-2016",210401,269.151888219083
"43","2015-2016",210402,290
"43","2015-2016",210404,1250
"43","2015-2016",330202,167.87037037037
"43","2015-2016",341001,103.650793650794
"43","2016-2017",10201,83.1841571813187
"43","2016-2017",61301,95
"43","2016-2017",101001,95
"43","2016-2017",120301,110
"43","2016-2017",210401,288.23560624036
"43","2016-2017",210402,475
"43","2016-2017",221201,101.666666666667
"43","2016-2017",230202,179.047619047619
"43","2016-2017",390204,296.666666666667
"43","2017-2018",10201,97.8290550214708
"43","2017-2018",10204,315
"43","2017-2018",61301,110.233753353394
"43","2017-2018",140204,300
"43","2017-2018",210401,360
"43","2017-2018",210404,933.177571406099
"43","2017-2018",221201,121.118274030648
"43","2017-2018",230202,154.027175686615
"43","2017-2018",442004,700
"43","2017-2018",480204,322
"44","2013-2014",10201,106.666666666667
"44","2013-2014",30201,112.993613741536
"44","2014-2015",10201,79.6244907514719
"44","2014-2015",61301,79.4326666666667
"44","2014-2015",70301,115
"44","2014-2015",90301,113.966766837047
"44","2014-2015",101001,80
"44","2014-2015",120301,114.967556961369
"44","2014-2015",140201,65
"44","2014-2015",160202,190
"44","2014-2015",170201,44.4924812030075
"44","2014-2015",190301,115
"44","2014-2015",200202,100
"44","2014-2015",210401,261.299435028249
"44","2014-2015",221201,90
"44","2015-2016",10201,111.373645250893
"44","2015-2016",61301,94.726430976431
"44","2015-2016",130201,52.3076923076923
"44","2015-2016",140201,145
"44","2015-2016",210401,300
"44","2015-2016",210402,550
"44","2015-2016",210404,1250
"44","2015-2016",221201,96.6666666666667
"44","2015-2016",330202,188.156288156288
"44","2015-2016",341001,89.480122324159
"44","2016-2017",10201,90.1222421129256
"44","2016-2017",61301,94.4838207961003
"44","2016-2017",120301,130
"44","2016-2017",130201,65
"44","2016-2017",210401,295.648415170304
"44","2016-2017",210402,435
"44","2016-2017",221201,95.1895151975315
"44","2016-2017",230202,160
"44","2016-2017",390204,250
"44","2017-2018",10201,115.845258152121
"44","2017-2018",10204,330
"44","2017-2018",61301,120.202414953161
"44","2017-2018",210401,359.971878515186
"44","2017-2018",210404,938.875
"44","2017-2018",221201,116.179781501067
"44","2017-2018",230202,172.794973280167
"44","2017-2018",442004,650
"44","2017-2018",470201,118.608039250448
"44","2017-2018",480204,309.083079779449
"45","2013-2014",10201,112.383850458133
"45","2013-2014",30201,108.686234937507
"45","2014-2015",10201,78.252270827202
"45","2014-2015",10204,160
"45","2014-2015",70301,117.241379310345
"45","2014-2015",101001,71.305
"45","2014-2015",130201,48.5764705882353
"45","2014-2015",160202,185
"45","2014-2015",170201,45
"45","2014-2015",190301,111.666666666667
"45","2014-2015",210401,250
"45","2015-2016",10201,91.1345580141429
"45","2015-2016",61301,85.3861404617221
"45","2015-2016",70301,105
"45","2015-2016",111401,295
"45","2015-2016",120301,105
"45","2015-2016",210401,298.473525912216
"45","2015-2016",210402,515.51724137931
"45","2015-2016",210404,1250
"45","2015-2016",221201,90.7174392935982
"45","2015-2016",311001,78
"45","2015-2016",330202,175.853801169591
"45","2015-2016",341001,82.2888608305275
"45","2015-2016",351001,78
"45","2016-2017",10201,91.0574201256999
"45","2016-2017",61301,89.541547277937
"45","2016-2017",130201,50
"45","2016-2017",210401,280
"45","2016-2017",210402,420
"45","2016-2017",221201,94.6107110970743
"45","2016-2017",230202,159.106227106227
"45","2016-2017",390204,250
"45","2017-2018",10201,115.62106019799
"45","2017-2018",10204,333.838383838384
"45","2017-2018",61301,114.149628703773
"45","2017-2018",101001,110
"45","2017-2018",120301,180.639097744361
"45","2017-2018",210401,347.61600083626
"45","2017-2018",210402,448.907766990291
"45","2017-2018",210404,949.269811335741
"45","2017-2018",221201,118.930329817862
"45","2017-2018",230202,165.097590331468
"45","2017-2018",341001,122.69647696477
"45","2017-2018",442004,650
"45","2017-2018",470201,115.183577820068
"45","2017-2018",480204,335.384663191465
"46","2013-2014",10201,95.9361494986495
"46","2013-2014",20301,88.5
"46","2013-2014",30201,96.22383411688
"46","2014-2015",10201,79.1739956069301
"46","2014-2015",10204,160
"46","2014-2015",61301,80
"46","2014-2015",70301,110.290178571429
"46","2014-2015",101001,80
"46","2014-2015",120301,110
"46","2014-2015",130201,48.6186770428016
"46","2014-2015",140204,160
"46","2014-2015",160202,176.666666666667
"46","2014-2015",170201,45
"46","2014-2015",190301,110
"46","2014-2015",200202,100
"46","2014-2015",210401,250
"46","2014-2015",221201,80
"46","2014-2015",230202,132.905557027589
"46","2015-2016",10201,84.789392394769
"46","2015-2016",10204,250
"46","2015-2016",61301,76.8
"46","2015-2016",120301,105.344645039246
"46","2015-2016",130201,45
"46","2015-2016",140201,60
"46","2015-2016",210401,250.185714285714
"46","2015-2016",210402,365.65
"46","2015-2016",210404,1211.80555555556
"46","2015-2016",221201,77
"46","2015-2016",330202,157.394314868805
"46","2015-2016",341001,75.916217928413
"46","2016-2017",10201,125.102560500594
"46","2016-2017",61301,99.8888888888889
"46","2016-2017",90301,140
"46","2016-2017",101001,85
"46","2016-2017",130201,50
"46","2016-2017",210401,296.172566371681
"46","2016-2017",210402,460.736842105263
"46","2016-2017",210404,436.4
"46","2016-2017",221201,86.9703648803221
"46","2016-2017",230202,160.590909090909
"46","2016-2017",341001,100
"46","2016-2017",390204,280
"46","2016-2017",430309,140
"46","2017-2018",10201,111.912208629766
"46","2017-2018",10204,346.778954378954
"46","2017-2018",61301,112.391335883874
"46","2017-2018",210401,323.104763425603
"46","2017-2018",210402,444.860585680258
"46","2017-2018",210404,923.296175467692
"46","2017-2018",221201,127.891561601667
"46","2017-2018",230202,159.495450120864
"46","2017-2018",341001,117.04277351875
"46","2017-2018",470201,116.51198022242
"46","2017-2018",480204,330.30515622005
"47","2013-2014",10201,81.3272416927988
"47","2013-2014",30201,81.1792786565842
"47","2014-2015",10201,73.2336939870004
"47","2014-2015",10204,160
"47","2014-2015",61301,80
"47","2014-2015",70301,108.333333333333
"47","2014-2015",90301,108.333333333333
"47","2014-2015",101001,80
"47","2014-2015",120301,109.166666666667
"47","2014-2015",160202,170
"47","2014-2015",170201,45
"47","2014-2015",190301,109.554418629266
"47","2014-2015",200202,90
"47","2014-2015",210401,236.666666666667
"47","2014-2015",221201,81
"47","2014-2015",230202,156.585714012287
"47","2015-2016",10201,67.4241512517865
"47","2015-2016",10204,252.982456140351
"47","2015-2016",61301,75.6181479200876
"47","2015-2016",101001,75
"47","2015-2016",120301,105.490054363196
"47","2015-2016",130201,40
"47","2015-2016",140201,40
"47","2015-2016",210401,220
"47","2015-2016",210402,440.433333333333
"47","2015-2016",210404,1169.27083333333
"47","2015-2016",221201,73.0061718227075
"47","2015-2016",230202,135
"47","2015-2016",330202,145.311936033173
"47","2015-2016",341001,75
"47","2016-2017",10201,93.7838622090872
"47","2016-2017",61301,95.690537084399
"47","2016-2017",90301,140
"47","2016-2017",130201,50
"47","2016-2017",140201,50
"47","2016-2017",210401,272.505199389922
"47","2016-2017",210402,472.910569105691
"47","2016-2017",210404,700
"47","2016-2017",221201,85.7977741371093
"47","2016-2017",230202,155.822342491315
"47","2016-2017",330202,163.632567849687
"47","2016-2017",341001,92.34004687039
"47","2016-2017",390204,266.666666666667
"47","2016-2017",420201,92.5
"47","2016-2017",430309,140
"47","2017-2018",10201,107.294414260294
"47","2017-2018",10204,347.994372990354
"47","2017-2018",61301,99.7436670687575
"47","2017-2018",70301,170
"47","2017-2018",101001,96.5381526104418
"47","2017-2018",120301,145.446428571429
"47","2017-2018",210401,336.603727578534
"47","2017-2018",210402,438.571428571429
"47","2017-2018",210404,955.712768539711
"47","2017-2018",221201,117.745098065382
"47","2017-2018",230202,157.468214486522
"47","2017-2018",341001,107.773650098699
"47","2017-2018",470201,107.386749762296
"47","2017-2018",480204,340.526767792029
"48","2013-2014",10201,61.417837626854
"48","2013-2014",30201,59.9386504034429
"48","2014-2015",10201,70.4437455286016
"48","2014-2015",10204,159.833333333333
"48","2014-2015",61301,78.3333333333333
"48","2014-2015",70301,105
"48","2014-2015",90301,105
"48","2014-2015",101001,79
"48","2014-2015",120301,101.666666666667
"48","2014-2015",190301,103.478003187027
"48","2014-2015",200202,85
"48","2014-2015",210401,231.153083028083
"48","2014-2015",221201,80
"48","2014-2015",230202,123.910100402644
"48","2015-2016",10201,67.5558927485135
"48","2015-2016",10204,200
"48","2015-2016",61301,70.5345211581292
"48","2015-2016",130201,40
"48","2015-2016",140201,40
"48","2015-2016",210401,229.918699186992
"48","2015-2016",210402,410
"48","2015-2016",210404,1064.54771807713
"48","2015-2016",221201,71.2907421696613
"48","2015-2016",230202,121.962316459132
"48","2015-2016",240201,40
"48","2015-2016",330202,127.524752475248
"48","2016-2017",10201,88.0882842571443
"48","2016-2017",61301,76.2738095238095
"48","2016-2017",90301,140
"48","2016-2017",101001,78
"48","2016-2017",130201,50
"48","2016-2017",210401,248.232716650438
"48","2016-2017",210402,414.254385964912
"48","2016-2017",210404,600
"48","2016-2017",221201,81.602422037231
"48","2016-2017",230202,140.618680473195
"48","2016-2017",341001,89.1983805668016
"48","2016-2017",390204,235
"48","2016-2017",430309,140
"48","2017-2018",10201,99.7864348704497
"48","2017-2018",10204,329.773020542433
"48","2017-2018",61301,96.25
"48","2017-2018",70301,150
"48","2017-2018",101001,88.8602941176471
"48","2017-2018",120301,141.591466607951
"48","2017-2018",210401,380
"48","2017-2018",210402,447.196261682243
"48","2017-2018",210404,935.766748276675
"48","2017-2018",221201,98.5478635378627
"48","2017-2018",230202,151.329837400635
"48","2017-2018",341001,95.1187882932426
"48","2017-2018",442004,900
"48","2017-2018",470201,100.027725083905
"48","2017-2018",480204,318.078256476333
"49","2013-2014",10201,35.8550428239712
"49","2013-2014",30201,35.8353510895884
"49","2014-2015",10201,59.5532750301701
"49","2014-2015",10204,142.602272727273
"49","2014-2015",61301,74.3932880260332
"49","2014-2015",70301,103.25
"49","2014-2015",90301,107.323232323232
"49","2014-2015",101001,73.5258296951314
"49","2014-2015",111401,250
"49","2014-2015",120301,102.10235131397
"49","2014-2015",160202,120
"49","2014-2015",190301,100.905962368505
"49","2014-2015",200202,73.5714285714286
"49","2014-2015",210401,226.603818823837
"49","2014-2015",221201,75
"49","2014-2015",230202,96.9609015634352
"49","2015-2016",10201,73.7784210592447
"49","2015-2016",10204,221.428571428571
"49","2015-2016",61301,72.6746375677114
"49","2015-2016",101001,74.186329588015
"49","2015-2016",120301,105
"49","2015-2016",130201,40
"49","2015-2016",140201,55.8823529411765
"49","2015-2016",210401,240
"49","2015-2016",210402,400.058203991131
"49","2015-2016",210404,1026.22148926655
"49","2015-2016",221201,72
"49","2015-2016",230202,129.958870214023
"49","2015-2016",341001,70
"49","2016-2017",10201,84.0062377149353
"49","2016-2017",61301,67.6555996695115
"49","2016-2017",90301,130
"49","2016-2017",101001,60
"49","2016-2017",130201,39.5376559714795
"49","2016-2017",210401,221.098039215686
"49","2016-2017",210402,310
"49","2016-2017",210404,600
"49","2016-2017",221201,74.7553070767589
"49","2016-2017",230202,125.405314860824
"49","2016-2017",341001,68
"49","2016-2017",390204,220
"49","2016-2017",430309,140
"49","2017-2018",10201,99.6458703876585
"49","2017-2018",10204,313.065408108284
"49","2017-2018",61301,97.5615635167272
"49","2017-2018",101001,93.5286103542234
"49","2017-2018",120301,138.644849890422
"49","2017-2018",210401,300
"49","2017-2018",210402,424.103773584906
"49","2017-2018",210404,923.09999108289
"49","2017-2018",221201,90.4020844672704
"49","2017-2018",230202,151.626537293173
"49","2017-2018",341001,90.5885482552386
"49","2017-2018",470201,97.4452722408257
"49","2017-2018",480204,313.384357152136
"50","2013-2014",10201,25.7940229888035
"50","2013-2014",30201,25.5499083143472
"50","2014-2015",1605,130
"50","2014-2015",10201,63.6316786859146
"50","2014-2015",10204,156.516129032258
"50","2014-2015",61301,69.5565247429533
"50","2014-2015",70301,101.875
"50","2014-2015",90301,101.10376395652
"50","2014-2015",101001,69.8768797953964
"50","2014-2015",111401,210
"50","2014-2015",120301,100.276575904513
"50","2014-2015",160202,105
"50","2014-2015",190301,101.375
"50","2014-2015",200202,70
"50","2014-2015",210401,197.747395833333
"50","2014-2015",210404,109.445
"50","2014-2015",230202,94.9338803088803
"50","2014-2015",240201,52.7314814814815
"50","2014-2015",250305,47.78
"50","2015-2016",10201,76.0795938574124
"50","2015-2016",10204,204.166666666667
"50","2015-2016",61301,78.7139490079622
"50","2015-2016",101001,80
"50","2015-2016",130201,42.4911405119513
"50","2015-2016",140201,40
"50","2015-2016",210401,253.333333333333
"50","2015-2016",210402,410
"50","2015-2016",210404,1011.53209109731
"50","2015-2016",221201,75.4936305732484
"50","2015-2016",230202,139.85337963094
"50","2015-2016",341001,75
"50","2016-2017",10201,66.6046368440849
"50","2016-2017",61301,66.1445786158744
"50","2016-2017",90301,120
"50","2016-2017",101001,70
"50","2016-2017",130201,35
"50","2016-2017",210401,183.463302752294
"50","2016-2017",210402,260
"50","2016-2017",210404,606.666666666667
"50","2016-2017",221201,70.4528369645925
"50","2016-2017",230202,116.164014625651
"50","2016-2017",341001,60
"50","2016-2017",390204,180
"50","2017-2018",10201,97.6697844051195
"50","2017-2018",10204,328.774098022676
"50","2017-2018",61301,90.0688419302559
"50","2017-2018",101001,88.3035714285714
"50","2017-2018",120301,134.523981411933
"50","2017-2018",210401,290
"50","2017-2018",210402,450
"50","2017-2018",210404,906.666666666667
"50","2017-2018",221201,87.8700483315003
"50","2017-2018",230202,150.984061385081
"50","2017-2018",341001,89.9828178694158
"50","2017-2018",470201,99.0592687161117
"50","2017-2018",480204,328.522764841034
"51","2013-2014",10201,35.8328389433585
"51","2013-2014",30201,33.4774639131659
"51","2014-2015",10201,62.4404570790189
"51","2014-2015",10204,144.703042986425
"51","2014-2015",61301,64.3203708553997
"51","2014-2015",70301,100
"51","2014-2015",90301,100
"51","2014-2015",101001,70
"51","2014-2015",120301,101.01841277056
"51","2014-2015",200202,71.6666666666667
"51","2014-2015",210401,199.004166666667
"51","2014-2015",230202,101.666666666667
"51","2014-2015",240201,60
"51","2014-2015",250305,47.78
"51","2015-2016",10201,83.8860695673246
"51","2015-2016",10204,200
"51","2015-2016",101001,75
"51","2015-2016",130201,49.6038186157518
"51","2015-2016",140201,40
"51","2015-2016",210401,260
"51","2015-2016",210402,410
"51","2015-2016",210404,902.893207466907
"51","2015-2016",221201,76.8275657357356
"51","2015-2016",230202,140.323191739768
"51","2016-2017",10201,53.5787066406681
"51","2016-2017",61301,56
"51","2016-2017",90301,100
"51","2016-2017",101001,55.75
"51","2016-2017",130201,33.3021806853583
"51","2016-2017",140204,230
"51","2016-2017",210401,191.186982223887
"51","2016-2017",210402,245
"51","2016-2017",210404,580
"51","2016-2017",221201,61.5
"51","2016-2017",230202,88.753127373477
"51","2016-2017",390204,160
"51","2016-2017",430309,140
"51","2017-2018",10201,87.6822780670077
"51","2017-2018",10204,313.612742724323
"51","2017-2018",61301,83.8180401681885
"51","2017-2018",101001,80.6944444444444
"51","2017-2018",120301,125.90878535952
"51","2017-2018",210401,259.510113872545
"51","2017-2018",210402,468.638613861386
"51","2017-2018",210404,850
"51","2017-2018",221201,81.51872325727
"51","2017-2018",230202,134.924885688865
"51","2017-2018",330202,132.0111521181
"51","2017-2018",341001,81.4838709677419
"51","2017-2018",470201,84.7401295781702
"51","2017-2018",480204,303.815658674301
"52","2013-2014",10201,54.7934981684982
"52","2013-2014",30201,60
"52","2014-2015",10201,65.2575723327306
"52","2014-2015",10204,159.555555555556
"52","2014-2015",61301,69.7072910832306
"52","2014-2015",70301,100
"52","2014-2015",90301,100
"52","2014-2015",101001,70
"52","2014-2015",120301,102.084148706365
"52","2014-2015",130201,35
"52","2014-2015",200202,77.5
"52","2014-2015",210401,210
"52","2014-2015",230202,106.27280682517
"52","2014-2015",240201,60
"52","2014-2015",260301,40
"52","2014-2015",270201,35
"52","2015-2016",10201,87.4321862188843
"52","2015-2016",10204,183.428571428571
"52","2015-2016",61301,76.016132896079
"52","2015-2016",101001,76.8541666666667
"52","2015-2016",120301,111.587986095339
"52","2015-2016",130201,44.0084985835694
"52","2015-2016",140201,45
"52","2015-2016",210401,300
"52","2015-2016",210402,410
"52","2015-2016",210404,869.959963395104
"52","2015-2016",221201,76.6911350513375
"52","2015-2016",230202,132.860354856029
"52","2015-2016",341001,75
"52","2016-2017",10201,56.3609607147948
"52","2016-2017",101001,60
"52","2016-2017",130201,30
"52","2016-2017",210401,188.015724856753
"52","2016-2017",210402,237.307692307692
"52","2016-2017",210404,532.5
"52","2016-2017",221201,63
"52","2016-2017",230202,106.745190227412
"52","2016-2017",390204,161.666666666667
"52","2017-2018",10201,76.1249407784253
"52","2017-2018",10204,292.383211570953
"52","2017-2018",61301,73.7031298419585
"52","2017-2018",101001,70
"52","2017-2018",120301,105.079122201297
"52","2017-2018",210401,239.230769230769
"52","2017-2018",210402,400
"52","2017-2018",210404,810.281337969863
"52","2017-2018",221201,78.2535262312331
"52","2017-2018",230202,128.844927708433
"52","2017-2018",330202,136.687995366516
"52","2017-2018",450210,420
"52","2017-2018",470201,72.7302072714917
"52","2017-2018",480204,292.812089086128
"52","2017-2018",491001,89.0034689372438
"1","2013-2014",10201,64.3534183081274
"1","2013-2014",30201,62.1817925120326
"1","2013-2014",50201,66
"1","2014-2015",10201,75.6974758862562
"1","2014-2015",10204,159.84375
"1","2014-2015",61301,69.4186046511628
"1","2014-2015",70301,100
"1","2014-2015",80201,70
"1","2014-2015",90301,109.072666666667
"1","2014-2015",120301,105.50635610766
"1","2014-2015",130201,35
"1","2014-2015",200202,92.5
"1","2014-2015",210401,210
"1","2014-2015",230202,114.365322353604
"1","2014-2015",240201,75
"1","2014-2015",260301,40
"1","2014-2015",281301,35
"1","2014-2015",290301,40
"1","2014-2015",300202,35
"1","2015-2016",10201,97.8277782158564
"1","2015-2016",10204,198
"1","2015-2016",61301,80.7996020028199
"1","2015-2016",101001,75
"1","2015-2016",120301,129.4
"1","2015-2016",130201,45
"1","2015-2016",140201,45.0993377483444
"1","2015-2016",210401,380
"1","2015-2016",210402,410
"1","2015-2016",210404,842.138078082494
"1","2015-2016",221201,77.1923436818824
"1","2015-2016",230202,136.351695658241
"1","2015-2016",341001,75
"1","2016-2017",10201,68.8809321912293
"1","2016-2017",10204,165
"1","2016-2017",61301,70
"1","2016-2017",101001,75
"1","2016-2017",130201,30
"1","2016-2017",210401,208.875093492895
"1","2016-2017",210402,305
"1","2016-2017",210404,555
"1","2016-2017",221201,68.6666666666667
"1","2016-2017",230202,122.537745342672
"1","2016-2017",390204,164.704595185996
"1","2017-2018",10201,76.9246043646684
"1","2017-2018",10204,250
"1","2017-2018",61301,80
"1","2017-2018",120301,104.395364356137
"1","2017-2018",210401,237.685261143013
"1","2017-2018",210402,450
"1","2017-2018",210404,699.073774509804
"1","2017-2018",210410,1150
"1","2017-2018",221201,77.304475845771
"1","2017-2018",230202,138.326372704103
"1","2017-2018",330202,145.321798877381
"1","2017-2018",341001,78.3333333333333
"1","2017-2018",470201,78
"1","2017-2018",480204,254.166666666667
"2","2013-2014",10201,66.831931370185
"2","2013-2014",30201,70.3018005699737
"2","2013-2014",50201,57.3333333333333
"2","2014-2015",10201,80.6565189310887
"2","2014-2015",10204,159.8125
"2","2014-2015",61301,70
"2","2014-2015",80201,70
"2","2014-2015",90301,120
"2","2014-2015",101001,70
"2","2014-2015",120301,120
"2","2014-2015",130201,37.5
"2","2014-2015",200202,100
"2","2014-2015",230202,126.428571428571
"2","2015-2016",10201,129.187025916083
"2","2015-2016",10204,150
"2","2015-2016",61301,82.1822849807445
"2","2015-2016",90301,145
"2","2015-2016",130201,45
"2","2015-2016",140201,49.6076918724671
"2","2015-2016",210402,400
"2","2015-2016",210404,792.28404456269
"2","2015-2016",221201,86.6923997606224
"2","2015-2016",230202,143.807587282306
"2","2016-2017",10201,90.3193623979257
"2","2016-2017",10204,162.708371358371
"2","2016-2017",61301,78.3333333333333
"2","2016-2017",101001,77.5
"2","2016-2017",130201,30.24
"2","2016-2017",210401,276
"2","2016-2017",210402,441.035353535354
"2","2016-2017",210404,450
"2","2016-2017",221201,82
"2","2016-2017",230202,132.705049731278
"2","2016-2017",390204,167.5
"2","2017-2018",10201,85.3838106675695
"2","2017-2018",10204,245.516328331862
"2","2017-2018",61301,83.3333333333333
"2","2017-2018",101001,80
"2","2017-2018",120301,115.926720981295
"2","2017-2018",210401,253.333333333333
"2","2017-2018",210402,450
"2","2017-2018",210404,749.94588420173
"2","2017-2018",210410,1080
"2","2017-2018",221201,81.569617901119
"2","2017-2018",230202,156.515524310089
"2","2017-2018",330202,142.622536419354
"2","2017-2018",341001,84.0740740740741
"2","2017-2018",470201,82
"2","2017-2018",480204,250
"3","2013-2014",10201,46.8201606011306
"3","2013-2014",30201,48.2675379249379
"3","2013-2014",50201,50
"3","2014-2015",0,NA
"3","2014-2015",10201,84.5011725138365
"3","2014-2015",10204,158
"3","2014-2015",61301,70
"3","2014-2015",70301,116.666666666667
"3","2014-2015",90301,117.5
"3","2014-2015",120301,117.323767935122
"3","2014-2015",130201,67
"3","2014-2015",200202,96.875
"3","2014-2015",210401,234.359681372549
"3","2014-2015",230202,128.820598006645
"3","2015-2016",10201,137.265220931462
"3","2015-2016",10204,150
"3","2015-2016",61301,103.847261394697
"3","2015-2016",101001,100
"3","2015-2016",130201,55.8333333333333
"3","2015-2016",140201,47.4147727272727
"3","2015-2016",210401,300
"3","2015-2016",210402,433.333333333333
"3","2015-2016",210404,682.146763634967
"3","2015-2016",221201,103.75
"3","2015-2016",230202,164.476555391685
"3","2015-2016",311001,110
"3","2015-2016",341001,104.066438499686
"3","2015-2016",380204,200
"3","2016-2017",10201,109.982783975125
"3","2016-2017",10204,165.88527302813
"3","2016-2017",61301,96.6666666666667
"3","2016-2017",120301,150.563903431117
"3","2016-2017",130201,30
"3","2016-2017",210401,346
"3","2016-2017",210402,490
"3","2016-2017",210404,490
"3","2016-2017",221201,94.8804990151018
"3","2016-2017",230202,151.593412001089
"3","2016-2017",401004,165
"3","2017-2018",10201,91.5533499562544
"3","2017-2018",10204,213.75941307897
"3","2017-2018",61301,88.9166701190378
"3","2017-2018",101001,85
"3","2017-2018",120301,124.169507342095
"3","2017-2018",210401,293.333333333333
"3","2017-2018",210402,406.127450980392
"3","2017-2018",210404,658.772727272727
"3","2017-2018",210410,1050
"3","2017-2018",221201,91.0585254259132
"3","2017-2018",230202,150.572687405183
"3","2017-2018",330202,143.727272727273
"3","2017-2018",341001,85.6473214285714
"3","2017-2018",450210,350
"4","2013-2014",10201,37.4482842049527
"4","2013-2014",30201,37
"4","2014-2015",10201,80.1259774671656
"4","2014-2015",10204,156.666666666667
"4","2014-2015",61301,70
"4","2014-2015",80201,85
"4","2014-2015",90301,105
"4","2014-2015",120301,110.678016583828
"4","2014-2015",130201,55
"4","2014-2015",200202,94.3683805838728
"4","2014-2015",210401,237.580357142857
"4","2014-2015",230202,129.130136662411
"4","2015-2016",10201,150.406851514493
"4","2015-2016",10204,171
"4","2015-2016",61301,103.126404200156
"4","2015-2016",120301,187.5
"4","2015-2016",130201,67.1428571428571
"4","2015-2016",140201,68
"4","2015-2016",210402,450
"4","2015-2016",210404,705.590692134094
"4","2015-2016",221201,115
"4","2015-2016",230202,176.497171760485
"4","2015-2016",311001,115
"4","2015-2016",341001,112.709568745866
"4","2015-2016",380204,200
"4","2016-2017",10201,132.05931489435
"4","2016-2017",10204,180
"4","2016-2017",61301,108.333333333333
"4","2016-2017",101001,105
"4","2016-2017",120301,162.800152204529
"4","2016-2017",130201,50
"4","2016-2017",210401,386.666666666667
"4","2016-2017",210402,500
"4","2016-2017",210404,610
"4","2016-2017",221201,112
"4","2016-2017",230202,165.059195136998
"4","2016-2017",442001,257.179487179487
"4","2017-2018",10201,98.2871287988937
"4","2017-2018",10204,187.727034617295
"4","2017-2018",61301,100
"4","2017-2018",101001,90
"4","2017-2018",120301,134.548106563153
"4","2017-2018",210401,302.5
"4","2017-2018",210402,416.666666666667
"4","2017-2018",210404,800
"4","2017-2018",210410,870
"4","2017-2018",221201,91.7217181673039
"4","2017-2018",230202,155.401074675835
"4","2017-2018",330202,153.333333333333
"4","2017-2018",341001,93.184765502046
"4","2017-2018",450210,286.010362694301
"5","2013-2014",10201,41.0725540295734
"5","2013-2014",30201,40.6
"5","2014-2015",10201,79.4086207601239
"5","2014-2015",10204,155
"5","2014-2015",61301,72.6965601965602
"5","2014-2015",90301,115
"5","2014-2015",120301,107.14526217401
"5","2014-2015",130201,42
"5","2014-2015",140204,180
"5","2014-2015",200202,92.4204975532178
"5","2014-2015",210401,212.971153846154
"5","2014-2015",230202,136.193247056967
"5","2014-2015",281301,40
"5","2015-2016",10201,153.548818143817
"5","2015-2016",10204,152.962962962963
"5","2015-2016",61301,106.817298484118
"5","2015-2016",120301,182
"5","2015-2016",130201,60
"5","2015-2016",140201,63.1769087626873
"5","2015-2016",210402,483.333333333333
"5","2015-2016",210404,685
"5","2015-2016",221201,113.333333333333
"5","2015-2016",230202,179.108806493683
"5","2015-2016",311001,112.5
"5","2015-2016",380204,200
"5","2016-2017",10201,139.46915644333
"5","2016-2017",10204,215.604838709677
"5","2016-2017",61301,113.333333333333
"5","2016-2017",101001,110
"5","2016-2017",120301,163.56196566634
"5","2016-2017",130201,50
"5","2016-2017",210401,420
"5","2016-2017",210402,500
"5","2016-2017",210404,610
"5","2016-2017",221201,113
"5","2016-2017",230202,168.220914480768
"5","2016-2017",330202,170
"5","2016-2017",401004,185
"5","2017-2018",10201,105.529620061572
"5","2017-2018",10204,181.764387888519
"5","2017-2018",61301,89.3399935451692
"5","2017-2018",101001,90
"5","2017-2018",120301,143.657730444363
"5","2017-2018",210401,330.854248799719
"5","2017-2018",210402,450
"5","2017-2018",210404,800
"5","2017-2018",210410,907.5
"5","2017-2018",221201,97.7243411169282
"5","2017-2018",230202,160.353444196571
"5","2017-2018",341001,99.5177132766803
"5","2017-2018",450210,285
"6","2013-2014",10201,47.0188006528073
"6","2013-2014",30201,56
"6","2014-2015",10201,84.3416397229967
"6","2014-2015",10204,160
"6","2014-2015",61301,74.6075268817204
"6","2014-2015",90301,119.68250798722
"6","2014-2015",120301,117.66929618001
"6","2014-2015",130201,47.5
"6","2014-2015",140201,65
"6","2014-2015",140301,65
"6","2014-2015",200202,98.7097472465678
"6","2014-2015",210401,206.632302405498
"6","2014-2015",230202,137.611081215947
"6","2015-2016",10201,144.32504157187
"6","2015-2016",10204,163.777777777778
"6","2015-2016",61301,100.087836251701
"6","2015-2016",120301,173.333333333333
"6","2015-2016",130201,60
"6","2015-2016",140201,60
"6","2015-2016",210402,473.2421875
"6","2015-2016",210404,650
"6","2015-2016",221201,106.666666666667
"6","2015-2016",230202,187.69104766679
"6","2015-2016",341001,82
"6","2015-2016",380204,200
"6","2016-2017",10201,135.726323086723
"6","2016-2017",10204,250
"6","2016-2017",61301,115
"6","2016-2017",70301,180
"6","2016-2017",120301,172.632689992226
"6","2016-2017",130201,50
"6","2016-2017",140201,50
"6","2016-2017",210401,404
"6","2016-2017",210402,475
"6","2016-2017",210404,750
"6","2016-2017",221201,117.5
"6","2016-2017",230202,166.936386428244
"6","2016-2017",330202,170
"6","2016-2017",401004,200
"6","2016-2017",450210,300
"6","2017-2018",10201,108.089984170972
"6","2017-2018",10204,179.892692594257
"6","2017-2018",61301,102.03564401402
"6","2017-2018",101001,90
"6","2017-2018",120301,153.328206886919
"6","2017-2018",210401,306.227497749775
"6","2017-2018",210402,450
"6","2017-2018",210404,675
"6","2017-2018",210410,990
"6","2017-2018",221201,108.426370767346
"6","2017-2018",230202,169.090623057529
"6","2017-2018",341001,94.9348199776804
"6","2017-2018",450210,267.671052631579
"7","2013-2014",10201,59.1576776723516
"7","2013-2014",30201,58
"7","2014-2015",10201,86.6477158599285
"7","2014-2015",30201,80
"7","2014-2015",61301,79.7374562427071
"7","2014-2015",90301,120
"7","2014-2015",101001,80
"7","2014-2015",120301,120
"7","2014-2015",130201,45
"7","2014-2015",140201,60
"7","2014-2015",140204,160
"7","2014-2015",200202,101.535898312214
"7","2014-2015",210401,206.353591160221
"7","2014-2015",221201,80
"7","2014-2015",230202,142.10448135802
"7","2014-2015",260301,45
"7","2015-2016",10201,130.197991702582
"7","2015-2016",10204,147.142857142857
"7","2015-2016",61301,94.4108754630468
"7","2015-2016",120301,170.809629901176
"7","2015-2016",130201,60
"7","2015-2016",140201,60
"7","2015-2016",210401,400
"7","2015-2016",210402,400.503086419753
"7","2015-2016",210404,650
"7","2015-2016",221201,96.2512476084885
"7","2015-2016",230202,158.39959836225
"7","2015-2016",311001,97.5
"7","2015-2016",380204,200
"7","2015-2016",390204,200
"7","2016-2017",10201,126.69256826248
"7","2016-2017",10204,241.666666666667
"7","2016-2017",61301,121.666666666667
"7","2016-2017",101001,118.333333333333
"7","2016-2017",120301,162.94603362006
"7","2016-2017",130201,50
"7","2016-2017",210401,389.694013511722
"7","2016-2017",210402,529.130434782609
"7","2016-2017",210404,766.666666666667
"7","2016-2017",221201,127.569139986343
"7","2016-2017",230202,168.515196786498
"7","2016-2017",341001,125
"7","2016-2017",401004,200
"7","2016-2017",450210,300
"7","2017-2018",10201,110.01241759323
"7","2017-2018",10204,184.228161190204
"7","2017-2018",61301,99.0059772871088
"7","2017-2018",101001,105
"7","2017-2018",120301,156.039157025267
"7","2017-2018",210401,315.290237744582
"7","2017-2018",210402,435.771604938272
"7","2017-2018",210404,551.190476190476
"7","2017-2018",210410,1020
"7","2017-2018",221201,107.793787786859
"7","2017-2018",230202,169.149738607583
"7","2017-2018",330202,175
"7","2017-2018",341001,103.476298980327
"7","2017-2018",450210,281.427595692545
"8","2013-2014",10201,70.6723322418715
"8","2013-2014",30201,68.7904458598726
"8","2014-2015",10201,88.7931273759024
"8","2014-2015",10204,160
"8","2014-2015",30201,90
"8","2014-2015",61301,78.5897435897436
"8","2014-2015",70301,120
"8","2014-2015",80201,87
"8","2014-2015",90301,130
"8","2014-2015",120301,120
"8","2014-2015",130201,68.6931818181818
"8","2014-2015",140201,65
"8","2014-2015",200202,105
"8","2014-2015",210401,210
"8","2014-2015",210402,226.666666666667
"8","2014-2015",221201,80
"8","2014-2015",230202,140.641103672144
"8","2015-2016",10201,118.945563508899
"8","2015-2016",10204,129.607843137255
"8","2015-2016",61301,106.71438172043
"8","2015-2016",120301,164.842096560847
"8","2015-2016",130201,60
"8","2015-2016",140201,60
"8","2015-2016",210401,392
"8","2015-2016",210402,443.418171866448
"8","2015-2016",210404,652.053140096618
"8","2015-2016",221201,102.895671476138
"8","2015-2016",230202,157.431910203989
"8","2015-2016",311001,95
"8","2015-2016",380204,200
"8","2015-2016",390204,200
"8","2016-2017",10201,127.136294438955
"8","2016-2017",10204,320
"8","2016-2017",61301,122.5
"8","2016-2017",101001,125
"8","2016-2017",120301,161.82423719902
"8","2016-2017",130201,50
"8","2016-2017",210401,390
"8","2016-2017",210402,514.558404558405
"8","2016-2017",210404,805.252525252525
"8","2016-2017",221201,133
"8","2016-2017",230202,193.046287860441
"8","2016-2017",341001,125
"8","2016-2017",401004,250
"8","2016-2017",450210,300
"8","2017-2018",10201,112.139315724803
"8","2017-2018",10204,180.479593880202
"8","2017-2018",61301,103.407883014008
"8","2017-2018",101001,105
"8","2017-2018",120301,157.552383183645
"8","2017-2018",210401,336.237623762376
"8","2017-2018",210402,436
"8","2017-2018",210404,575.27069449799
"8","2017-2018",210410,982.5
"8","2017-2018",221201,106.866804617836
"8","2017-2018",230202,174.696635744148
"8","2017-2018",341001,101.666666666667
"8","2017-2018",450210,334
"9","2013-2014",10201,87.6830034330608
"9","2013-2014",30201,86.6463839527103
"9","2013-2014",70301,126.451169188446
"9","2014-2015",10201,90.3901014274099
"9","2014-2015",10204,183
"9","2014-2015",61301,79.6490032177711
"9","2014-2015",80201,87
"9","2014-2015",90301,125
"9","2014-2015",101001,80
"9","2014-2015",120301,118.830985915493
"9","2014-2015",130201,45
"9","2014-2015",140201,65
"9","2014-2015",140204,220
"9","2014-2015",200202,104.487472704287
"9","2014-2015",210401,210
"9","2014-2015",210402,280
"9","2014-2015",210404,550
"9","2014-2015",221201,80
"9","2014-2015",230202,144.759482758621
"9","2015-2016",10201,126.032276259847
"9","2015-2016",10204,120
"9","2015-2016",61301,105.7899543379
"9","2015-2016",101001,110
"9","2015-2016",120301,175.714285714286
"9","2015-2016",130201,49.2370044052863
"9","2015-2016",140201,60
"9","2015-2016",210401,366.666666666667
"9","2015-2016",210402,487.290378367047
"9","2015-2016",210404,663.44696969697
"9","2015-2016",221201,111.11578525641
"9","2015-2016",230202,168.084543536797
"9","2015-2016",341001,110
"9","2015-2016",380204,200
"9","2015-2016",390204,200
"9","2016-2017",10201,119.818789884153
"9","2016-2017",10204,278.682170542636
"9","2016-2017",61301,119.056603773585
"9","2016-2017",101001,120
"9","2016-2017",120301,162.931544892031
"9","2016-2017",130201,50
"9","2016-2017",210401,380
"9","2016-2017",210402,528.518518518518
"9","2016-2017",210404,846.666666666667
"9","2016-2017",221201,127.09724762844
"9","2016-2017",230202,186.548209510529
"9","2016-2017",401004,250
"9","2016-2017",450210,325
"9","2017-2018",10201,117.128552478444
"9","2017-2018",10204,194.906088480526
"9","2017-2018",61301,104.697637838951
"9","2017-2018",101001,104.270833333333
"9","2017-2018",120301,161.126546545192
"9","2017-2018",210401,330
"9","2017-2018",210402,447.960583623693
"9","2017-2018",210404,600
"9","2017-2018",210410,1012.80487804878
"9","2017-2018",221201,108.554335647488
"9","2017-2018",230202,177.108578348021
"9","2017-2018",341001,98.8261988197125
"9","2017-2018",450210,350.380678672352
"10","2013-2014",10201,102.522775775949
"10","2013-2014",30201,103.414143558308
"10","2013-2014",61301,83.2563158132598
"10","2013-2014",70301,120.81981981982
"10","2014-2015",0,NA
"10","2014-2015",10201,89.8993899282167
"10","2014-2015",10204,197.666666666667
"10","2014-2015",61301,103.745421245421
"10","2014-2015",70301,120
"10","2014-2015",120301,120
"10","2014-2015",140201,65
"10","2014-2015",160202,150
"10","2014-2015",200202,105
"10","2014-2015",210401,210.257947805457
"10","2014-2015",210402,280
"10","2014-2015",210404,550
"10","2014-2015",230202,150
"10","2014-2015",270201,46.6666666666667
"10","2015-2016",10201,112
"10","2015-2016",10204,120
"10","2015-2016",61301,104.357142857143
"10","2015-2016",120301,160
"10","2015-2016",130201,60
"10","2015-2016",140201,55
"10","2015-2016",210401,356
"10","2015-2016",210402,477.857142857143
"10","2015-2016",210404,675
"10","2015-2016",221201,103.660409139732
"10","2015-2016",230202,154.382042455083
"10","2015-2016",380204,220
"10","2015-2016",390204,210
"10","2015-2016",401004,190
"10","2016-2017",10201,119.614023120237
"10","2016-2017",10204,301.886956521739
"10","2016-2017",61301,124.180509583822
"10","2016-2017",101001,118.310344827586
"10","2016-2017",120301,155.171412591094
"10","2016-2017",130201,50
"10","2016-2017",210401,327.547892720306
"10","2016-2017",210402,490.758483033932
"10","2016-2017",210404,908.704209883323
"10","2016-2017",221201,125.584749781508
"10","2016-2017",230202,165.551838509293
"10","2016-2017",401004,270
"10","2016-2017",450210,350
"10","2017-2018",10201,121.414462766858
"10","2017-2018",10204,212.258755390762
"10","2017-2018",61301,107.002772425895
"10","2017-2018",101001,115
"10","2017-2018",120301,162.974336383525
"10","2017-2018",210401,346.042105263158
"10","2017-2018",210402,508.467532467532
"10","2017-2018",210404,589.439655172414
"10","2017-2018",210410,1018.03592814371
"10","2017-2018",221201,113.068322832846
"10","2017-2018",230202,186.117409473781
"10","2017-2018",341001,105.619719329137
"10","2017-2018",450210,370
"11","2013-2014",10201,111.103414823235
"11","2013-2014",30201,111.354822006472
"11","2013-2014",61301,84.0348182283666
"11","2014-2015",0,NA
"11","2014-2015",10201,89.2775822092058
"11","2014-2015",10203,185
"11","2014-2015",61301,83.5237095839123
"11","2014-2015",130201,45
"11","2014-2015",140201,65
"11","2014-2015",140204,160
"11","2014-2015",200202,108.552631578947
"11","2014-2015",210401,220.521238444096
"11","2014-2015",210402,280
"11","2014-2015",230202,150
"11","2014-2015",270201,51
"11","2014-2015",270204,220
"11","2015-2016",10201,105.804165529444
"11","2015-2016",10204,120
"11","2015-2016",61301,95
"11","2015-2016",101001,95
"11","2015-2016",120301,155.760340632603
"11","2015-2016",130201,50
"11","2015-2016",140201,50
"11","2015-2016",140204,120
"11","2015-2016",210401,356.666666666667
"11","2015-2016",210402,462.375321750322
"11","2015-2016",210404,716.666666666667
"11","2015-2016",230202,154.018680967235
"11","2015-2016",380204,250
"11","2015-2016",390204,235
"11","2016-2017",10201,119.374372055057
"11","2016-2017",10204,350.467021346067
"11","2016-2017",61301,125.063920278401
"11","2016-2017",101001,130
"11","2016-2017",120301,146.712357130118
"11","2016-2017",130201,50
"11","2016-2017",210401,356.666666666667
"11","2016-2017",210402,504.832347140039
"11","2016-2017",210404,1007.94444444444
"11","2016-2017",221201,128.426910584373
"11","2016-2017",230202,161.458096372052
"11","2016-2017",401004,290
"11","2016-2017",450210,350
"11","2017-2018",10201,121.563344169692
"11","2017-2018",10204,223.140289654315
"11","2017-2018",61301,112.206381090101
"11","2017-2018",101001,111.268115942029
"11","2017-2018",120301,173.59767748694
"11","2017-2018",210401,356.666666666667
"11","2017-2018",210402,514
"11","2017-2018",210404,654.066397931244
"11","2017-2018",210410,1193.61316365627
"11","2017-2018",221201,113.729863248837
"11","2017-2018",230202,182.044287622727
"11","2017-2018",341001,115.784077548781
"11","2017-2018",450210,362
"12","2013-2014",10201,111.476513166169
"12","2013-2014",30201,111.8
"12","2013-2014",61301,82.5573857746135
"12","2013-2014",80201,95
"12","2014-2015",0,NA
"12","2014-2015",10201,89.6965341448623
"12","2014-2015",61301,83.8544763918169
"12","2014-2015",130201,45
"12","2014-2015",140201,63.7337662337662
"12","2014-2015",200202,106.428571428571
"12","2014-2015",210401,228.525460907911
"12","2014-2015",210402,280
"12","2014-2015",230202,150
"12","2014-2015",311001,84.8390557939914
"12","2015-2016",10201,120.417054506211
"12","2015-2016",10204,120
"12","2015-2016",61301,95
"12","2015-2016",120301,166.25
"12","2015-2016",130201,51
"12","2015-2016",140201,51.6666666666667
"12","2015-2016",210401,360
"12","2015-2016",210402,464.115395132622
"12","2015-2016",210404,780
"12","2015-2016",221201,95
"12","2015-2016",230202,164.975681333605
"12","2015-2016",341001,95
"12","2015-2016",380204,300
"12","2015-2016",390204,300
"12","2016-2017",10201,119.900057367134
"12","2016-2017",10204,351.952294406497
"12","2016-2017",61301,117.406612935951
"12","2016-2017",101001,117.5
"12","2016-2017",120301,142.998060743307
"12","2016-2017",130201,50
"12","2016-2017",210401,352.857142857143
"12","2016-2017",210402,470
"12","2016-2017",210404,1000
"12","2016-2017",221201,124.835897884871
"12","2016-2017",230202,164.754227282183
"12","2016-2017",330202,163.920140587726
"12","2016-2017",450210,350
"12","2017-2018",10201,123.854113570086
"12","2017-2018",10204,261.989396010808
"12","2017-2018",61301,123.371461917926
"12","2017-2018",120301,182.951892238615
"12","2017-2018",210401,370
"12","2017-2018",210402,555.646481178396
"12","2017-2018",210404,706.842929886408
"12","2017-2018",210410,1325.73626373626
"12","2017-2018",221201,122.424871456741
"12","2017-2018",230202,180.110630634516
"12","2017-2018",341001,111.753917950364
"12","2017-2018",450210,330
"12","2017-2018",491001,105.833333333333
"13","2013-2014",10201,107.441932226647
"13","2013-2014",30201,100
"13","2013-2014",61301,82.1724351521316
"13","2013-2014",80201,99.7376755480575
"13","2014-2015",10201,90.8550596930911
"13","2014-2015",61301,87.4083713669238
"13","2014-2015",101001,85
"13","2014-2015",130201,70
"13","2014-2015",140201,68
"13","2014-2015",160202,150
"13","2014-2015",200202,108.333333333333
"13","2014-2015",210401,242.85315918683
"13","2014-2015",210402,280
"13","2014-2015",230202,146.641104294479
"13","2014-2015",311001,85
"13","2015-2016",10201,128.050921982287
"13","2015-2016",61301,95.1951219512195
"13","2015-2016",101001,95
"13","2015-2016",120301,165.333333333333
"13","2015-2016",130201,68.3414492099699
"13","2015-2016",140201,55
"13","2015-2016",210401,374.947916666667
"13","2015-2016",210402,332.275970115968
"13","2015-2016",210404,900
"13","2015-2016",221201,97.3377812663527
"13","2015-2016",230202,168.764880038875
"13","2015-2016",341001,115
"13","2015-2016",380204,380
"13","2015-2016",390204,385.833702337023
"13","2015-2016",410401,360
"13","2016-2017",10201,123.751176658612
"13","2016-2017",10204,380.433479638951
"13","2016-2017",61301,117.5
"13","2016-2017",101001,116.666666666667
"13","2016-2017",120301,142.563980604789
"13","2016-2017",130201,50
"13","2016-2017",210401,360
"13","2016-2017",210402,480
"13","2016-2017",210404,1000
"13","2016-2017",221201,121.901761169444
"13","2016-2017",230202,161.491684392619
"13","2016-2017",330202,161.052631578947
"13","2016-2017",450210,400
"13","2017-2018",10201,128.761257167218
"13","2017-2018",10204,288.955985857888
"13","2017-2018",61301,127.298349381425
"13","2017-2018",120301,192.93783526376
"13","2017-2018",210401,459.416666666667
"13","2017-2018",210402,527.767543859649
"13","2017-2018",210404,875.78125
"13","2017-2018",210410,1200
"13","2017-2018",221201,126.125833206085
"13","2017-2018",230202,178.238407873681
"13","2017-2018",330202,200
"13","2017-2018",341001,113.428024282022
"13","2017-2018",450210,394.534157363105
"14","2013-2014",10201,103.469086224335
"14","2013-2014",30201,101
"14","2013-2014",61301,80.5866138713862
"14","2013-2014",80201,98.2305890175859
"14","2013-2014",90301,135.100037249817
"14","2014-2015",0,NA
"14","2014-2015",10201,84.9911402852977
"14","2014-2015",61301,77.5161729840014
"14","2014-2015",70301,120
"14","2014-2015",101001,75
"14","2014-2015",120301,120
"14","2014-2015",130201,53.3749209694415
"14","2014-2015",140204,160
"14","2014-2015",200202,106.724298115727
"14","2014-2015",210401,200
"14","2014-2015",230202,136.674129561433
"14","2015-2016",10201,126.864803742356
"14","2015-2016",10204,260.384615384615
"14","2015-2016",61301,94.4798304714137
"14","2015-2016",101001,90
"14","2015-2016",120301,165.894495412844
"14","2015-2016",130201,44.9163533834586
"14","2015-2016",140201,55
"14","2015-2016",210401,355
"14","2015-2016",210402,450
"14","2015-2016",210404,866.666666666667
"14","2015-2016",221201,98.1290046582233
"14","2015-2016",230202,161.822309786917
"14","2015-2016",341001,90
"14","2015-2016",380204,470
"14","2015-2016",390204,460.488106213036
"14","2016-2017",10201,132.766040055665
"14","2016-2017",10204,420
"14","2016-2017",61301,116.666666666667
"14","2016-2017",101001,120
"14","2016-2017",120301,155.271481444552
"14","2016-2017",130201,50
"14","2016-2017",210401,373.333333333333
"14","2016-2017",210402,486.666666666667
"14","2016-2017",210404,1000
"14","2016-2017",221201,123.812755647305
"14","2016-2017",230202,159.535171823348
"14","2016-2017",330202,170
"14","2016-2017",450210,450
"14","2017-2018",10201,135.92406013174
"14","2017-2018",10204,271.91184949586
"14","2017-2018",61301,123.452012452573
"14","2017-2018",101001,125
"14","2017-2018",120301,187.918401274475
"14","2017-2018",210401,360
"14","2017-2018",210402,480
"14","2017-2018",210404,842.025
"14","2017-2018",210410,1050
"14","2017-2018",221201,118.759434981745
"14","2017-2018",230202,178.470134973027
"14","2017-2018",341001,118.733819894694
"14","2017-2018",450210,333.333333333333
"15","2013-2014",10201,105.905161612638
"15","2013-2014",30201,104.285714285714
"15","2013-2014",61301,80.3235758000676
"15","2013-2014",70301,140
"15","2013-2014",80201,106
"15","2013-2014",90301,137.379796871105
"15","2014-2015",10201,80.5446701275797
"15","2014-2015",61301,73.3571439896835
"15","2014-2015",70301,115
"15","2014-2015",120301,123.865509339952
"15","2014-2015",130201,47.5
"15","2014-2015",140204,160
"15","2014-2015",160202,135
"15","2014-2015",200202,109.51286380942
"15","2014-2015",210401,234.090909090909
"15","2014-2015",210402,280
"15","2014-2015",221201,71.9033489372384
"15","2014-2015",230202,142.138304516935
"15","2014-2015",311001,71.8801185843987
"15","2015-2016",10201,122.667258783265
"15","2015-2016",10204,328.181818181818
"15","2015-2016",61301,94.5647942157953
"15","2015-2016",120301,160.744297719088
"15","2015-2016",130201,64.1666666666667
"15","2015-2016",140201,64
"15","2015-2016",210401,368.676198860919
"15","2015-2016",210402,450
"15","2015-2016",210404,900
"15","2015-2016",221201,91.7560120240481
"15","2015-2016",230202,171.165156054758
"15","2015-2016",341001,96.6666666666667
"15","2015-2016",380204,450
"15","2015-2016",390204,455.997848305541
"15","2016-2017",10201,151.001044260514
"15","2016-2017",10204,396
"15","2016-2017",61301,115
"15","2016-2017",70301,200
"15","2016-2017",101001,115
"15","2016-2017",120301,189.537701104865
"15","2016-2017",130201,30
"15","2016-2017",210401,405.847619047619
"15","2016-2017",210402,500
"15","2016-2017",210404,1000
"15","2016-2017",221201,121.141091485566
"15","2016-2017",230202,168.567501029079
"15","2016-2017",450210,450
"15","2017-2018",10201,127.373975913066
"15","2017-2018",10204,210.512542943276
"15","2017-2018",61301,91.5782606841449
"15","2017-2018",70301,189.134901727219
"15","2017-2018",120301,179.370216121758
"15","2017-2018",210401,400.709219858156
"15","2017-2018",210402,420
"15","2017-2018",210404,847.227272727273
"15","2017-2018",210410,1050
"15","2017-2018",221201,109.761571144404
"15","2017-2018",230202,155.307513768862
"15","2017-2018",330202,151.478615035891
"15","2017-2018",341001,110.919439511468
"15","2017-2018",450210,307.711981881724
"16","2013-2014",10201,104.707662020155
"16","2013-2014",30201,103
"16","2013-2014",61301,80.9819223985891
"16","2013-2014",70301,140
"16","2013-2014",80201,106.729824561404
"16","2013-2014",90301,139.92927864215
"16","2014-2015",10201,80.7189192784875
"16","2014-2015",61301,74.5314157082337
"16","2014-2015",70301,120
"16","2014-2015",101001,74.0740740740741
"16","2014-2015",120301,115.855925334195
"16","2014-2015",130201,45
"16","2014-2015",140201,68.4049079754601
"16","2014-2015",140204,160
"16","2014-2015",160202,150
"16","2014-2015",200202,108.990726240497
"16","2014-2015",210401,227.381512820513
"16","2014-2015",210402,280
"16","2014-2015",221201,72.4018392032663
"16","2014-2015",230202,149.067469392063
"16","2014-2015",311001,74.8843537414966
"16","2015-2016",10201,115.96975645241
"16","2015-2016",10204,130
"16","2015-2016",61301,100.37118706358
"16","2015-2016",120301,157.380013149244
"16","2015-2016",130201,58.5714285714286
"16","2015-2016",140201,58
"16","2015-2016",210401,358.758620689655
"16","2015-2016",210402,450
"16","2015-2016",210404,750
"16","2015-2016",221201,100.770440251572
"16","2015-2016",230202,170.675261083306
"16","2015-2016",341001,90
"16","2015-2016",380204,400
"16","2015-2016",390204,383.333333333333
"16","2015-2016",410401,360
"16","2016-2017",10201,154.357357479912
"16","2016-2017",10204,270.869616869617
"16","2016-2017",61301,119.494441209903
"16","2016-2017",70301,195.856481481481
"16","2016-2017",101001,120
"16","2016-2017",120301,197.175860443187
"16","2016-2017",130201,30
"16","2016-2017",210401,449.337662337662
"16","2016-2017",210402,549.655172413793
"16","2016-2017",210404,800
"16","2016-2017",221201,126.622421372866
"16","2016-2017",230202,185.2929258721
"16","2016-2017",450210,350
"16","2017-2018",10201,106.42572519904
"16","2017-2018",10204,190.189729905565
"16","2017-2018",61301,87.7869025223787
"16","2017-2018",101001,135
"16","2017-2018",120301,141.950133871268
"16","2017-2018",210401,359.070403146509
"16","2017-2018",210402,367.5
"16","2017-2018",210404,900
"16","2017-2018",210410,880.932308421406
"16","2017-2018",221201,91.6816754906199
"16","2017-2018",230202,128.158720315413
"16","2017-2018",330202,145.429235365646
"16","2017-2018",341001,103.237123782725
"16","2017-2018",450210,300
"17","2013-2014",10201,101.556343677551
"17","2013-2014",30201,106
"17","2013-2014",61301,80.0318761384335
"17","2013-2014",70301,140
"17","2013-2014",80201,97.5401121434195
"17","2013-2014",90301,140
"17","2013-2014",101001,80.0862998921251
"17","2014-2015",0,NA
"17","2014-2015",10201,81.2151524420522
"17","2014-2015",61301,75
"17","2014-2015",120301,111.189949719842
"17","2014-2015",130201,47.5540540540541
"17","2014-2015",140204,160
"17","2014-2015",200202,101.008698868316
"17","2014-2015",210401,211.543546365915
"17","2014-2015",210402,277.20173985087
"17","2014-2015",210404,420
"17","2014-2015",221201,69.898097826087
"17","2014-2015",230202,140.94036854633
"17","2014-2015",311001,92.1645021645022
"17","2015-2016",10201,100.205131984363
"17","2015-2016",10204,120
"17","2015-2016",101001,85
"17","2015-2016",120301,144.285714285714
"17","2015-2016",130201,53
"17","2015-2016",140201,52.1428571428571
"17","2015-2016",210401,306
"17","2015-2016",210402,435
"17","2015-2016",210404,700
"17","2015-2016",221201,81.25
"17","2015-2016",230202,152.305586244739
"17","2015-2016",341001,75
"17","2015-2016",390204,300
"17","2016-2017",10201,145.791232946053
"17","2016-2017",10204,200
"17","2016-2017",70301,200
"17","2016-2017",120301,187.255893178813
"17","2016-2017",130201,30
"17","2016-2017",210401,414
"17","2016-2017",210402,589.777777777778
"17","2016-2017",210404,740
"17","2016-2017",221201,117.026646517943
"17","2016-2017",230202,182.699958234812
"17","2016-2017",450210,250
"17","2017-2018",10201,69.6898966009446
"17","2017-2018",10204,194.402316038753
"17","2017-2018",61301,67.1601491686953
"17","2017-2018",70301,140
"17","2017-2018",120301,121.719817164982
"17","2017-2018",210401,180
"17","2017-2018",210402,316.271186440678
"17","2017-2018",210404,589.709762532982
"17","2017-2018",210410,890.841807970275
"17","2017-2018",221201,69.8154616165277
"17","2017-2018",230202,119.03788870664
"17","2017-2018",330202,140
"17","2017-2018",450210,307.970729973398
"18","2013-2014",10201,90.860218202655
"18","2013-2014",70301,136.308168428662
"18","2013-2014",80201,81.5810291438056
"18","2013-2014",90301,134
"18","2013-2014",101001,80.0587871287129
"18","2014-2015",10201,79.3959377295711
"18","2014-2015",101001,70
"18","2014-2015",120301,103.696440319062
"18","2014-2015",130201,47.5688559322034
"18","2014-2015",160202,137.444751381215
"18","2014-2015",200202,85.8886488327216
"18","2014-2015",210401,185.977758929413
"18","2014-2015",210402,259.074074074074
"18","2014-2015",210404,420
"18","2014-2015",230202,125.683350401092
"18","2014-2015",311001,67.9067855955942
"18","2015-2016",10201,82.9636313724121
"18","2015-2016",10204,100
"18","2015-2016",101001,60
"18","2015-2016",120301,125
"18","2015-2016",130201,43.3333333333333
"18","2015-2016",140201,44
"18","2015-2016",210401,242.5
"18","2015-2016",210402,385
"18","2015-2016",210404,600
"18","2015-2016",221201,65
"18","2015-2016",230202,150.01088894932
"18","2015-2016",390204,200
"18","2016-2017",10201,132.618536121644
"18","2016-2017",10204,210
"18","2016-2017",70301,168.666666666667
"18","2016-2017",101001,110
"18","2016-2017",120301,178.571428571429
"18","2016-2017",130201,30
"18","2016-2017",210401,356.70913965241
"18","2016-2017",210402,390
"18","2016-2017",210404,633.333333333333
"18","2016-2017",221201,106.484879682203
"18","2016-2017",230202,163.524417576177
"18","2016-2017",450210,250
"18","2017-2018",10201,70.9422492401216
"18","2017-2018",10204,203.07322111788
"18","2017-2018",120301,115.482620986334
"18","2017-2018",210401,251.035742473785
"18","2017-2018",210402,360
"18","2017-2018",210404,660
"18","2017-2018",210410,850
"18","2017-2018",221201,70.1769780878269
"18","2017-2018",230202,101.289900587394
"18","2017-2018",450210,274.356357490046
"19","2013-2014",10201,77.9222535408519
"19","2013-2014",30201,76.5
"19","2013-2014",70301,131.840675242353
"19","2013-2014",80201,78.9791295552556
"19","2013-2014",90301,125.178571428571
"19","2013-2014",101001,78.1549815498155
"19","2014-2015",10201,72.426731223706
"19","2014-2015",120301,84.2305763376983
"19","2014-2015",140204,160
"19","2014-2015",200202,71.4975427739352
"19","2014-2015",210401,163.225806451613
"19","2014-2015",210402,210
"19","2014-2015",210404,420
"19","2014-2015",230202,104.288800753062
"19","2014-2015",311001,65
"19","2015-2016",10201,64.9358899933438
"19","2015-2016",10204,100
"19","2015-2016",120301,100
"19","2015-2016",130201,38.3333333333333
"19","2015-2016",140201,40
"19","2015-2016",210401,212.5
"19","2015-2016",210402,325
"19","2015-2016",210404,466.666666666667
"19","2015-2016",221201,60
"19","2015-2016",230202,134.894087971645
"19","2016-2017",10201,117.621303429221
"19","2016-2017",10204,193.333333333333
"19","2016-2017",70301,166.56536192717
"19","2016-2017",101001,100
"19","2016-2017",120301,173.675578513885
"19","2016-2017",210401,327.969230769231
"19","2016-2017",210402,380
"19","2016-2017",210404,600
"19","2016-2017",221201,100.380129908474
"19","2016-2017",230202,154.853820799189
"19","2016-2017",450210,220
"19","2017-2018",10201,80.6046095877124
"19","2017-2018",10204,186.270598329422
"19","2017-2018",120301,111.029622189106
"19","2017-2018",170201,63.3795654006822
"19","2017-2018",210401,249.908339324227
"19","2017-2018",210402,300
"19","2017-2018",210404,720
"19","2017-2018",210410,900
"19","2017-2018",221201,63.9795918367347
"19","2017-2018",230202,105.974093520245
"19","2017-2018",450210,217.966860741777
"20","2013-2014",10201,65.1602175400981
"20","2013-2014",70301,121.418822096252
"20","2013-2014",80201,70.7291971824248
"20","2013-2014",90301,121.512497958193
"20","2013-2014",101001,70
"20","2014-2015",10201,62.5057158545284
"20","2014-2015",120301,63.3069283029613
"20","2014-2015",200202,84.4701986754967
"20","2014-2015",210401,156.167883211679
"20","2014-2015",210402,210
"20","2014-2015",210404,429.017475686924
"20","2014-2015",230202,93.2447995649102
"20","2014-2015",311001,60
"20","2015-2016",10201,59.2161662850131
"20","2015-2016",10204,92
"20","2015-2016",90301,80
"20","2015-2016",120301,85.7142857142857
"20","2015-2016",130201,37
"20","2015-2016",140201,35
"20","2015-2016",210401,198
"20","2015-2016",210402,306.666666666667
"20","2015-2016",210404,376.666666666667
"20","2015-2016",221201,58.3333333333333
"20","2015-2016",230202,133.353784476342
"20","2016-2017",10201,101.515626330336
"20","2016-2017",10204,180
"20","2016-2017",70301,155.286030063779
"20","2016-2017",101001,100
"20","2016-2017",120301,147.324091375694
"20","2016-2017",210401,317.829731521084
"20","2016-2017",210402,374.25
"20","2016-2017",210404,588.571428571429
"20","2016-2017",221201,100.24059747665
"20","2016-2017",230202,145.195741014819
"20","2017-2018",10201,85.5177620961931
"20","2017-2018",10204,180
"20","2017-2018",120301,100.306890265454
"20","2017-2018",210401,273.700590042823
"20","2017-2018",210402,300
"20","2017-2018",210404,586.619718309859
"20","2017-2018",210410,750
"20","2017-2018",230202,113.881913810655
"20","2017-2018",450210,257.840557275542
"21","2013-2014",10201,54.6068691844554
"21","2013-2014",80201,80
"21","2013-2014",90301,111.41795513112
"21","2014-2015",10201,56.6219914567556
"21","2014-2015",120301,66.1355922284644
"21","2014-2015",130201,73.3333333333333
"21","2014-2015",140203,85
"21","2014-2015",141705,130
"21","2014-2015",141803,100
"21","2014-2015",200202,75.8371363732715
"21","2014-2015",210401,152.632362155388
"21","2014-2015",210402,206.666666666667
"21","2014-2015",210404,417.957534246575
"21","2014-2015",230202,90
"21","2015-2016",10201,56.9083254444153
"21","2015-2016",10204,80
"21","2015-2016",90301,76.6716064018969
"21","2015-2016",120301,76.6233766233766
"21","2015-2016",130201,39
"21","2015-2016",210401,180
"21","2015-2016",210402,286.302812796643
"21","2015-2016",210404,325
"21","2015-2016",221201,54
"21","2015-2016",230202,144.123102881562
"21","2016-2017",10201,86.7689920039247
"21","2016-2017",10204,180
"21","2016-2017",70301,135.032428668084
"21","2016-2017",120301,128.226990400903
"21","2016-2017",210401,275.226713304832
"21","2016-2017",210402,313.333333333333
"21","2016-2017",210404,542.857142857143
"21","2016-2017",221201,98.3816895179124
"21","2016-2017",230202,129.396253858685
"21","2017-2018",10201,90.8984948081816
"21","2017-2018",10204,174
"21","2017-2018",120301,130
"21","2017-2018",210401,272.25
"21","2017-2018",210402,300
"21","2017-2018",210404,535.035971223022
"21","2017-2018",210410,711.364294242343
"21","2017-2018",230202,120.817552657147
"21","2017-2018",450210,251.666666666667
"22","2014-2015",10201,131.632653061224
"22","2014-2015",210401,140.773692440362
"22","2014-2015",210402,222
"22","2014-2015",210404,420
"22","2014-2015",270204,90
"22","2015-2016",10201,61.1524436899683
"22","2015-2016",90301,80
"22","2015-2016",120301,80
"22","2015-2016",130201,36
"22","2015-2016",140201,36
"22","2015-2016",210401,180
"22","2015-2016",210402,226.954545454545
"22","2015-2016",221201,50
"22","2015-2016",230202,130.495579972393
"22","2016-2017",10201,77.7469186080935
"22","2016-2017",70301,124.625
"22","2016-2017",120301,123.629191321499
"22","2016-2017",210401,253.333333333333
"22","2016-2017",210402,305
"22","2016-2017",210404,483.333333333333
"22","2016-2017",221201,80
"22","2016-2017",230202,130.957218355443
"22","2017-2018",10201,103.959085880534
"22","2017-2018",10204,150
"22","2017-2018",120301,130
"22","2017-2018",210401,364.14669837205
"22","2017-2018",210402,356.79435483871
"22","2017-2018",210404,497.983801145091
"22","2017-2018",210410,414.420827710301
"22","2017-2018",230202,128.368624361205
"23","2014-2015",141705,143.642333333333
"23","2014-2015",210401,110.880238095238
"23","2014-2015",210402,210
"23","2014-2015",210404,384.125560538117
"23","2014-2015",270201,48.9791666666667
"23","2015-2016",10201,87.5971982066411
"23","2015-2016",130201,36
"23","2015-2016",210401,180
"23","2015-2016",210402,233.703703703704
"23","2015-2016",210404,316.085235146345
"23","2016-2017",10201,68.2385489702563
"23","2016-2017",210401,230
"23","2016-2017",210402,300
"23","2016-2017",210404,450
"23","2016-2017",230202,125
"23","2017-2018",10201,106.915887850467
"23","2017-2018",210401,375.820948336872
"23","2017-2018",210402,390
"23","2017-2018",210404,498.333333333333
"23","2017-2018",210410,397.204301075269
"23","2017-2018",230202,133.333333333333
"24","2014-2015",141705,100
"24","2014-2015",210401,62.6703296703297
"24","2014-2015",210402,250
"24","2014-2015",270201,37.2977941176471
"24","2015-2016",210404,270
"24","2016-2017",10201,60
"24","2016-2017",210401,230
"24","2016-2017",210402,300
"24","2016-2017",210404,450.139534883721
"24","2017-2018",10201,115
"24","2017-2018",111404,390
"24","2017-2018",210402,390
"24","2017-2018",210404,390
"24","2017-2018",210410,400
"24","2017-2018",230202,150
"25","2014-2015",140201,80
"25","2014-2015",210401,193.333333333333
"25","2014-2015",210402,250
"25","2014-2015",270201,72.7425554003307
"25","2015-2016",210404,270
"25","2016-2017",210401,248
"25","2016-2017",210402,300
"25","2016-2017",210404,499.91572214502
"25","2017-2018",210401,310
"25","2017-2018",230202,190
"26","2014-2015",270201,78.9616055846422
"26","2016-2017",210401,242.5
"26","2016-2017",210402,300
"26","2016-2017",210404,507.842702392836
"26","2017-2018",10201,90
"27","2014-2015",140201,90.65625
"27","2014-2015",270201,84.6092457677824
"27","2016-2017",210404,485.92
"28","2014-2015",140201,95.1157407407407
"28","2014-2015",270201,87.1484375
"28","2016-2017",210404,384.044808802309
"29","2014-2015",140201,96.9713261648746
"29","2014-2015",270201,80
"29","2016-2017",210404,500
"30","2014-2015",140201,97.5
"30","2014-2015",270201,95
"31","2014-2015",140201,102.477477477477
"31","2014-2015",270201,93
"31","2015-2016",140201,120
"32","2014-2015",140201,107.083333333333
"32","2014-2015",270201,97.8818916126608
"32","2014-2015",321906,150
"32","2014-2015",321907,150
"32","2014-2015",321908,150
"33","2014-2015",140201,110
"33","2014-2015",270201,102.200043160238
"34","2014-2015",130201,101.231884057971
"34","2014-2015",140201,98.088954056696
"34","2014-2015",270201,97.6701428058661
